Name,Email
Avery Anderson,avery.anderson@example.com
Blake Brooks,blake.brooks@example.com
Casey Campbell,casey.campbell@example.com
Drew Diaz,drew.diaz@example.com
Emerson Evans,emerson.evans@example.com
Finley Foster,finley.foster@example.com
Gray Garcia,gray.garcia@example.com
Harper Hayes,harper.hayes@example.com
Indy Iverson,indy.iverson@example.com
Jules Jenkins,jules.jenkins@example.com
Kai King,kai.king@example.com
Logan Lewis,logan.lewis@example.com
Morgan Mitchell,morgan.mitchell@example.com
Nico Nguyen,nico.nguyen@example.com
Oakley Owens,oakley.owens@example.com
Parker Parker,parker.parker@example.com
Quincy Quinn,quincy.quinn@example.com
Reese Rivera,reese.rivera@example.com
Sawyer Simmons,sawyer.simmons@example.com
Taylor Turner,taylor.turner@example.com
Uma Underwood,uma.underwood@example.com
Vic Valdez,vic.valdez@example.com
Wyatt Walker,wyatt.walker@example.com
Yuri Young,yuri.young@example.com
Alex Bennett,alex.bennett@example.com
Ben Carter,ben.carter@example.com
Chris Franklin,chris.franklin@example.com
Dylan Griffin,dylan.griffin@example.com
Eli Hudson,eli.hudson@example.com
Finn Ingram,finn.ingram@example.com
Gabe Lawson,gabe.lawson@example.com
Hugo Monroe,hugo.monroe@example.com
Ian Norris,ian.norris@example.com
Jesse Preston,jesse.preston@example.com
Miles Dawson,miles.dawson@example.com
Noah Ellis,noah.ellis@example.com
